Workbook

Sheet Instrucciones
A1: Paso | B1: Detalle
A2: 1 | B2: Matriz : revisa subfunciones y alternativas; lee 'Notas' para incompatibilidades.
A3: 2 | B3: Conceptos : representa las tres soluciones preliminares obtenidas de la matriz morfológica.
A4: 3 | B4: Criterios : define pesos (suman 1,0) y justifícalos en tu proyecto.
A5: 4 | B5: Puntajes (1-5) : valora cada concepto por criterio (5 = mejor).
A6: 5 | B6: Pugh : compara soluciones preliminares B y C contra A con +/0/-; revisa sumas.
A7: 6 | B7: Ponderado : calcula Total ponderado = SUMA(peso * puntaje).
A8: 7 | B8: Selecciona el(los) concepto(s) líder(es) y registra riesgos/ensayos a planificar.

Sheet Notas
A1: Notas de interfaz / compatibilidad
A2: El ESP32 integra WiFi y Bluetooth, por lo que no requiere un módulo externo para estas funciones.
A3: La alimentación debe ser compatible con el ESP32, sensores, bombas y actuadores.
A4: Los sensores de turbidez, pH y nivel de agua requieren una conexión y acondicionamiento adecuados.
A5: La bomba debe permitir una dosificación controlada de la solución de quitosano.
A6: El sistema debe permitir controlar el posicionamiento y giro del agitador.
A7: La estructura debe permitir sujetar correctamente la cajita de sensores.
A8: La carcasa debe proteger los componentes electrónicos del contacto con el agua.
A9: El sistema debe mantener una implementación viable para el prototipo.

Sheet Matriz
A1: N.º | B1: Función | C1: Solución 1 | D1: Solución 2 | E1: Solución 3
A2: 1 | B2: Fuente de energía del dispositivo | C2: Batería de litio 3.7/5 V 5000 mAh | D2: Conexión directa | E2: ...
A3: 2 | B3: Encendido del equipo | C3: Interruptor deslizante | D3: Interruptor basculante | E3: ...
A4: 3 | B4: Acondicionar energía eléctrica de entrada | C4: Fuente conmutada | D4: — | E4: Convertidor DC-DC tipo buck
A5: 4 | B5: Acondicionar energía para sensores | C5: Regulador LDO 5 V | D5: Módulo step-down regulado | E5: ...
A6: 5 | B6: Acondicionar energía para módulo de comunicación | C6: Regulador 5 V dedicado | D6: — | E6: Convertidor DC-DC aislado
A7: 6 | B7: Controlar el sistema | C7: ESP32 | D7: — | E7: —
A8: 7 | B8: Sensar turbidez del agua | C8: Sensor de turbidez 0–1000 NTU | D8: Sensor nefelométrico | E8: ...
A9: 8 | B9: Sensar pH del agua | C9: Electrodo de vidrio | D9: ISFET | E9: Sonda de pH
A10: 9 | B10: Sensar nivel de agua | C10: Sensor capacitivo XKC-Y25 | D10: Boya/control eléctrico | E10: Sensor vertical
A11: 10 | B11: Transportar agua turbia al reactor | C11: Bomba de alimentación 12 V | D11: — | E11: —
A12: 11 | B12: Dosificar solución de quitosano | C12: Bomba peristáltica | D12: Bomba electromagnética | E12: Bomba de jeringa
A13: 12 | B13: Posicionar agitador | C13: NEMA 17 + Husillo T8 | D13: Actuador lineal 12 V | E13: Servomotor lineal
... A20: 19 | B20: Envase de mezcla de quitosano | C20: — | D20: HDPE/PP | E20: Envase con sello hermético

Sheet Conceptos
A1: Concepto | B1: Almacenar líquido | C1: Procesamiento y control de señales | D1: Medir/Detectar | E1: Mecánica | F1: Actuar | G1: Control | H1: Energía
A2: Concepto A (Base) | B2: Botella plástica HDPE o PP | C2: ESP32 | D2: Sensores: Turbidez salida analógica, pH con electrodo | E2: Bomba alimentación agua sucia + Bomba de jeringa automatizada | F2: Driver de motor con retroalimentación de velocidad (encoder) | G2: Interruptor deslizante | H2: Fuente 5VDC
A3: Concepto B | B3: Botella plástica HDPE o PP | C3: ESP32 | D3: Sensores: Turbidez salida analógica, pH con sonda | E3: Bomba alimentación agua sucia + Bomba peristáltica | F3: Motor DC (CC) + PWM | G3: ON/OFF | H3: Fuente 5VDC
A4: Concepto C | B4: Envase con sello hermético | C4: ESP32 | D4: Sensores: Nefelométrico de turbidez, pH de estado sólido | E4: Bomba dosificadora electromagnética | F4: Relé + temporizador | G4: ON/OFF | H4: Fuente 5VDC

Sheet Criterios
A1: Criterio | B1: Peso
A2: Precisión de dosificación | B2: 0.20
A3: Costo | B3: 0.15
A4: Complejidad técnica | B4: 0.15
A5: Control del proceso | B5: 0.15
A6: Consumo energético | B6: 0.10
A7: Mantenimiento e higiene | B7: 0.10
A8: Confiabilidad | B8: 0.10
A9: Portabilidad | B9: 0.05
A10: Total | B10: 1.00

Sheet Puntajes (1-5)
A1: Criterio | B1: Solución 1 | C1: Solución 2 (B) | D1: Solución 3
A2: Precisión de dosificación | B2: 4 | C2: 5 | D2: 4
A3: Costo | B3: 4 | C3: 4 | D3: 3
A4: Complejidad técnica | B4: 4 | C4: 4 | D4: 3
A5: Control del proceso | B5: 4 | C5: 4 | D5: 4
A6: Consumo energético | B6: 4 | C6: 4 | D6: 3
A7: Mantenimiento e higiene | B7: 4 | C7: 4 | D7: 3
A8: Confiabilidad | B8: 4 | C8: 5 | D8: 3
A9: Portabilidad | B9: 4 | C9: 5 | D9: 3

Sheet Pugh
A1: Criterio | B1: Base (A) | C1: B vs A | D1: C vs A
A2: Precisión de dosificación | B2: 0 | C2: =+1 -> 1 | D2: 0
A3: Costo | B3: 0 | C3: 0 | D3: -1
A4: Complejidad técnica | B4: 0 | C4: 0 | D4: -1
A5: Control del proceso | B5: 0 | C5: 0 | D5: 0
A6: Consumo energético | B6: 0 | C6: 0 | D6: -1
A7: Mantenimiento e higiene | B7: 0 | C7: 0 | D7: -1
A8: Confiabilidad | B8: 0 | C8: =+1 -> 1 | D8: -1
A9: Portabilidad | B9: 0 | C9: =+1 -> 1 | D9: -1
A10: Suma | B10: — | C10: =+3 -> 3 | D10: -6

Sheet Ponderado
A1: Criterio | B1: Peso | C1: Concepto A (Base) | D1: Concepto B | E1: Concepto C | G1: Peso*Concepto A (Base) | H1: Peso*Concepto B | I1: Peso*Concepto C
A2: Precisión de dosificación | B2: 0.2 | C2: {=INDEX('Puntajes (1-5)'!$B:$D, MATCH($A2, 'Puntajes (1-5)'!$A:$A, 0), 1)} -> 4 | D2: {=INDEX('Puntajes (1-5)'!$B:$D, MATCH($A2, 'Puntajes (1-5)'!$A:$A, 0), 2)} -> 5 | E2: {=INDEX('Puntajes (1-5)'!$B:$D, MATCH($A2, 'Puntajes (1-5)'!$A:$A, 0), 3)} -> 4 | G2: =B2*C2 -> 0.8 | H2: =$B2*D2 -> 1 | I2: =$B2*E2 -> 0.8
A3: Costo | B3: 0.15 | C3: {=INDEX('Puntajes (1-5)'!$B:$D, MATCH($A3, 'Puntajes (1-5)'!$A:$A, 0), 1)} -> 4 | D3: {=INDEX('Puntajes (1-5)'!$B:$D, MATCH($A3, 'Puntajes (1-5)'!$A:$A, 0), 2)} -> 4 | E3: {=INDEX('Puntajes (1-5)'!$B:$D, MATCH($A3, 'Puntajes (1-5)'!$A:$A, 0), 3)} -> 3 | G3: =$B3*C3 -> 0.6 | H3: =$B3*D3 -> 0.6 | I3: =$B3*E3 -> 0.45
A4: Complejidad técnica | B4: 0.15 | C4: {=INDEX('Puntajes (1-5)'!$B:$D, MATCH($A4, 'Puntajes (1-5)'!$A:$A, 0), 1)} -> 4 | D4: {=INDEX('Puntajes (1-5)'!$B:$D, MATCH($A4, 'Puntajes (1-5)'!$A:$A, 0), 2)} -> 4 | E4: {=INDEX('Puntajes (1-5)'!$B:$D, MATCH($A4, 'Puntajes (1-5)'!$A:$A, 0), 3)} -> 3 | G4: =$B4*C4 -> 0.6 | H4: =$B4*D4 -> 0.6 | I4: =$B4*E4 -> 0.45
A5: Control del proceso | B5: 0.15 | C5: 4 | D5: 4 | E5: 4 | G5: =$B5*C5 -> 0.6 | H5: =$B5*D5 -> 0.6 | I5: =$B5*E5 -> 0.6
A6: Consumo energético | B6: 0.1 | C6: {=INDEX('Puntajes (1-5)'!$B:$D, MATCH($A6, 'Puntajes (1-5)'!$A:$A, 0), 1)} -> 4 | D6: {=INDEX('Puntajes (1-5)'!$B:$D, MATCH($A6, 'Puntajes (1-5)'!$A:$A, 0), 2)} -> 4 | E6: {=INDEX('Puntajes (1-5)'!$B:$D, MATCH($A6, 'Puntajes (1-5)'!$A:$A, 0), 3)} -> 3 | G6: =$B6*C6 -> 0.4 | H6: =$B6*D6 -> 0.4 | I6: =$B6*E6 -> 0.3
A7: Mantenimiento e higiene | B7: 0.1 | C7: {=INDEX('Puntajes (1-5)'!$B:$D, MATCH($A7, 'Puntajes (1-5)'!$A:$A, 0), 1)} -> 4 | D7: {=INDEX('Puntajes (1-5)'!$B:$D, MATCH($A7, 'Puntajes (1-5)'!$A:$A, 0), 2)} -> 4 | E7: {=INDEX('Puntajes (1-5)'!$B:$D, MATCH($A7, 'Puntajes (1-5)'!$A:$A, 0), 3)} -> 3 | G7: =$B7*C7 -> 0.4 | H7: =$B7*D7 -> 0.4 | I7: =$B7*E7 -> 0.3
A8: Confiabilidad | B8: 0.1 | C8: {=INDEX('Puntajes (1-5)'!$B:$D, MATCH($A8, 'Puntajes (1-5)'!$A:$A, 0), 1)} -> 4 | D8: {=INDEX('Puntajes (1-5)'!$B:$D, MATCH($A8, 'Puntajes (1-5)'!$A:$A, 0), 2)} -> 5 | E8: {=INDEX('Puntajes (1-5)'!$B:$D, MATCH($A8, 'Puntajes (1-5)'!$A:$A, 0), 3)} -> 3 | G8: =$B8*C8 -> 0.4 | H8: =$B8*D8 -> 0.5 | I8: =$B8*E8 -> 0.3
A9: Portabilidad | B9: 0.05 | C9: 4 | D9: 5 | E9: 3 | G9: =B9*C9 -> 0.2 | H9: =B9*D9 -> 0.25 | I9: =B9*E9 -> 0.15
A10: Total | B10: =SUM(B2:B9) -> 1 | F10: TOTAL | G10: =SUM(G2:G9) -> 4 | H10: =SUM(H2:H9) -> 4.35 | I10: =SUM(I2:I9) -> 3.35
